{
  "input_shape": [
    128,
    128,
    3
  ],
  "classes": [
    "Fraud",
    "Non-Fraud"
  ],
  "num_classes": 2,
  "test_accuracy": 0.9484463334083557,
  "training_date": "2025-09-11T00:08:38.508639"
}